step,avg_ee_sum,avg_sinr_mean_tx,avg_log2_mean_tx
8000,13.342328123893854,54.58109241247177,4.048410928010941
